Name,Foil,Language,Quantity,Scryfall ID
"Gyome, Master Chef","","english","1","c48d1586-23e9-4b0e-91ff-01bd6f32427c"
"Orvar, the All-Form","","english","1","7f36775e-9e48-49cc-a771-d58481712edc"
"Adrix and Nev, Twincasters",Foil,"english","1","d495e084-92ec-4675-b6aa-8ade2775b796"
"Alibou, Ancient Witness","","english","1","0c9257ba-f729-4a5a-bf04-f27bbb71a12d"
"Chulane, Teller of Tales","","english","1","83f43730-1c1f-4150-8771-d901c54bedc4"
"Prosper, Tome-Bound",Foil,"english","1","d743336e-d5c7-4053-a23d-92ec7581f74e"
"Yuriko, the Tiger's Shadow","","english","1","3bd81ae6-e628-447a-a36b-597e63ede295"
"Vilis, Broker of Blood","","english","1","ecdf2bd9-87b9-470a-ad2e-0ebf98560f87"
"Moraug, Fury of Akoum","","english","1","cc5eacd7-aaa7-4720-9794-52e7b098c82c"
"Bruse Tarl, Boorish Herder","","english","1","2816c031-8816-4f52-b1db-590f0688d801"
"Kraum, Ludevic's Opus","","english","1","20e13fc2-c4dd-4875-be32-e04d954e658d"
"Ishai, Ojutai Dragonspeaker",Foil,"english","1","2e89ce6a-6bc9-427f-a8b2-c07a9fc3218f"
"Moraug, Fury of Akoum","","english","1","aecfbd48-7da0-4b44-b9a2-d31412f65eb1"
"Lord Windgrace",Foil,"english","1","213d6fb8-5624-4804-b263-51f339482754"
"Jaheira, Friend of the Forest","","english","1","feb7ad1b-4466-48f7-b46d-cc83d4e22b51"
"Shalai, Voice of Plenty","","english","1","db827ee7-6f2e-4e10-aac0-120fc2b69fbd"
"Godo, Bandit Warlord","","english","1","73ade6a3-a461-4f90-8bd6-9b17892a8405"
"Tuvasa the Sunlit",Foil,"english","1","bdda07ac-2f9f-4c8e-b3f6-b54d0afd730c"
"Marisi, Breaker of the Coil",Foil,"english","1","c366e1c0-f62d-41ce-baec-de11dbc1c5f4"
"Rakdos, the Showstopper","","english","1","4e3c30c7-c52e-41a0-b7c2-21d39c05160b"
"Krenko, Mob Boss","","english","1","5a04a833-0ccf-4f59-9d94-2018e2f220e0"
"Bruna, Light of Alabaster","","english","1","c1995b46-cd88-470d-89ec-37ffb6596348"
"Tom Bombadil","","english","1","2ab04c49-76a1-4896-8dca-8cb4c615f489"
"Karazikar, the Eye Tyrant",Foil,"english","1","da46b47b-0156-4a01-b4b1-28526a6826f4"
"Nezahal, Primal Tide","","english","1","48eba418-94ab-46a3-958c-4d5058fc2bcd"
"Tergrid, God of Fright // Tergrid's Lantern","","english","1","14dc88ee-bba9-4625-af0d-89f3762a0ead"
"Ikra Shidiqi, the Usurper",Foil,"english","1","8f2abcc3-dc33-4b9d-a372-1d936e954f94"
"Osgir, the Reconstructor","","english","1","b4181b80-414e-4bcd-9d92-391cd504afe1"
"Deekah, Fractal Theorist","","english","1","75d15e8c-1c5a-4aaf-92a5-5d4f500def06"
"Thalisse, Reverent Medium","","english","1","e4899773-c501-45e5-bf1f-8d818788d61f"
"Rhys the Redeemed","","english","1","b91dadcb-31e9-43b0-b425-c9311af3e9d7"
"Akroma, Vision of Ixidor","","english","1","c0bdd07d-9fb9-4ee4-80db-494ee0cba58d"
"Thalia and The Gitrog Monster","","english","1","8d7ff937-de92-445f-976c-726fef5c91cc"
"Heartless Hidetsugu","","english","1","4a3ab177-d9ab-46bf-bd92-20a9ecf2d0ad"
"Rionya, Fire Dancer","","english","1","b1e92b9c-4234-436d-a741-37c5e45859e5"
"Akroma, Angel of Wrath","","english","1","bf1ef8ec-d915-41f2-b087-3d6d82e3db85"
"Light-Paws, Emperor's Voice","","english","1","76614523-e51a-44ff-83ad-5be9e322697a"
"Lathliss, Dragon Queen","","english","1","9460e3c6-e745-41d3-8e17-0b92fb126a16"
"Ruxa, Patient Professor","","english","1","72de20ad-82dc-4161-9627-42ac2e1258c1"
"God-Eternal Kefnet","","english","1","5e14060f-9167-4e28-a053-77689e066e30"
"Omnath, Locus of Rage","","english","1","08c14bb4-c9d9-41ce-a075-a441522a52c6"
"Purphoros, Bronze-Blooded","","english","1","af3af5c4-0960-44a2-976e-abdf7803c436"
"Jolene, the Plunder Queen","","english","1","61c217d9-21d5-45ef-938a-138192a901f4"
"Lavinia, Azorius Renegade","","english","1","4bee8ea6-8903-4bed-977b-b6c2cd0126f9"
"Minn, Wily Illusionist","","english","1","4eec1d87-1007-44a1-a45d-0623816de681"
"Thantis, the Warweaver",Foil,"english","1","91c54ac0-0edc-406f-8a22-f2996f604f36"
"Karametra, God of Harvests","","english","1","2bd9d26e-984c-4cf8-8c46-447f9776668f"
"Jhoira, Weatherlight Captain","","english","1","4f77d23d-6257-4dae-b585-29f45f13f2e2"
"The Scorpion God","","english","1","def0d0ac-6422-486e-b42b-e1813dd0a23e"
"Niv-Mizzet, Parun","","english","1","6f3d2dc5-7b9d-4af6-9f3b-4de90fbf63c9"
"Teferi, Mage of Zhalfir","","english","1","8fc5e4a8-ea7b-4803-a7ed-3b915708661f"
"Brago, King Eternal","","english","1","8ba873c1-f1ff-49f2-9e0d-bc9d52f94d76"
"Jadzi, Oracle of Arcavios // Journey to the Oracle","","english","1","b0a96416-9ee5-4202-a99f-e09db8794567"
"Krark, the Thumbless","","english","1","69482de1-4959-4fd5-a314-983bde659c5d"
"Laelia, the Blade Reforged","","english","1","a3bb2881-e8fb-4fba-a9f9-d93e6ca24378"
"Kykar, Wind's Fury","","english","1","594cb7dc-ea88-4909-ab40-1d40fecc9817"
"Sylvia Brightspear","","english","1","ab2b349a-1555-4aaa-8302-28667404e630"
"The Locust God","","english","1","87f6aaba-ad2d-41ea-8d07-21c67d384aa0"
"Estrid, the Masked",Foil,"english","1","3340b83e-72dc-42e2-9f93-92f732c047df"
"Rith, Liberated Primeval","","english","1","ac148784-b7b6-4aae-bffb-a4cf09f56971"
"Trostani, Selesnya's Voice","","english","1","34ea44f2-cb2f-4b86-83fc-fe507f05bb9d"
"Lurrus of the Dream-Den","","english","1","d1520f81-48ea-4970-b46e-00d01d425c63"
"Medomai the Ageless","","english","1","b5f4b3cf-2c78-42c9-9873-3758c7f7bb7d"
"Syr Konrad, the Grim","","english","1","685faa53-c0b3-4dbb-abd9-bf09067f6f91"
"Losheel, Clockwork Scholar","","english","1","db1d67fe-bffe-45ad-af6a-cb131ddb1a12"
"Drana and Linvala","","english","1","bbda000f-3cf7-48b6-96ff-c23a3a64eab5"
"Delina, Wild Mage","","english","1","c4f1dc68-868b-4f3f-b10a-62842d88edc4"
"Marchesa, the Black Rose","","english","1","e568fd9d-5800-4eeb-87c6-7c33dc14f81d"
"Yedora, Grave Gardener","","english","1","a7d8f80e-ece1-49f1-8e14-589d579a568e"
"Multani, Yavimaya's Avatar","","english","1","5233ad7b-2903-4736-b13a-5cd4a275eb61"
"Ukkima, Stalking Shadow","","english","1","c44cfa67-6276-4d23-9f25-a0576bfe1d25"
"Satoru Umezawa",Foil,"english","1","f7112729-908e-430d-8e0e-eb71a9043309"
"Arcanis the Omnipotent","","english","1","0ed53483-4bec-491b-9ae6-afc6faf122a2"
"Kess, Dissident Mage","","english","1","3651483f-6077-4b4e-b2c7-9d57f22c65dc"
"Velomachus Lorehold","","english","1","04ea9067-ad50-4c43-ae4d-3f66890cd898"
"Goro-Goro, Disciple of Ryusei","","english","1","862e9b05-209d-47d6-8692-ec0cb5f19e25"
"Azami, Lady of Scrolls","","english","1","fa574ca0-a5a2-4f3d-b95f-5888391d4530"
"Greasefang, Okiba Boss","","english","1","9455cb27-89d3-4bb1-8af8-08c7712c2915"
"Aminatou, the Fateshifter",Foil,"english","1","c562ff50-f74b-4311-972a-ba62366411d5"
"Gisa, Glorious Resurrector","","english","1","63461076-a13d-488d-bd82-ceac441341c8"
"Meloku the Clouded Mirror","","english","1","1caaa733-6d4c-4e18-a64e-f95851c7063b"
"Admiral Beckett Brass","","english","1","9854c2ec-0e53-4ac7-b417-554a9331c5e0"
"Ghave, Guru of Spores","","english","1","31317da6-83e1-4548-9c10-7f8da9fe2acd"
"Kydele, Chosen of Kruphix","","english","1","86eee902-dc0b-48d0-a8db-7e6de89977ef"
"Titania, Protector of Argoth","","english","1","6f15ca0c-1128-485e-b9ca-69ce0e6a0b4e"
"Halana, Kessig Ranger","","english","1","d7ad87f5-26da-445e-bdaa-8768d885444e"
"Yennett, Cryptic Sovereign",Foil,"english","1","fb51b2a8-035c-44e6-92db-2e2385066470"
"Miirym, Sentinel Wyrm","","english","1","a934590b-5c70-4f07-af67-fbe817a99531"
"Sisay, Weatherlight Captain","","english","1","5a293c45-1e73-4527-be2f-2dcd5c47b610"
"Fain, the Broker","","english","1","f5829ea0-1f41-46ba-a5e6-b7bd7051a591"
"Hofri Ghostforge","","english","1","bd8deecf-eded-418b-ac4c-5c3e8f54e86d"
"Ludevic, Necro-Alchemist",Foil,"english","1","f3e7a886-2593-4e6e-b9da-d7cb417cba08"
"Oswald Fiddlebender","","english","1","bba1650f-eddf-49a9-820e-489cb8d5b6fa"
"Derevi, Empyrial Tactician",Foil,"english","1","7b1817d5-11f6-486a-a937-f15e5d8dd2a6"
"Liesa, Forgotten Archangel","","english","1","93a4ecfa-8173-4c9b-a28f-dc06e63491de"
"Rielle, the Everwise","","english","1","5f03c944-1929-4cb2-a373-d57eefa29ed1"
"Keiga, the Tide Star","","english","1","040f57ef-cea4-4935-9207-b3108e175ed5"
"Saheeli, the Gifted",Foil,"english","1","b32b3dae-7616-46ad-b9bf-854559cda977"
"Inalla, Archmage Ritualist",Foil,"english","1","90e30cc4-7d80-4180-9713-966f3028b33f"
"Sai, Master Thopterist","","english","1","19316cbb-d1af-4ab7-b588-78637503e986"
"Willowdusk, Essence Seer","","english","1","3fafd34a-bbb1-4c02-908e-244089d956db"
"Shorikai, Genesis Engine","","english","1","969ac7dd-f3aa-4888-9ff0-d16a31b5e7a9"
"Daretti, Scrap Savant",Foil,"english","1","f895bd98-4db0-4acd-9ce5-90c78d799003"
"Raiyuu, Storm's Edge","","english","1","1026485e-3df5-4ac7-baa1-06bff537a506"
"Shabraz, the Skyshark","","english","1","9955d172-0b24-4c61-9dee-c935a1f26da2"
"Vela the Night-Clad","","english","1","c6dd7505-895e-40e2-bcb5-6804dd55b1be"
"Nils, Discipline Enforcer","","english","1","873f5d0c-7fee-4921-90d3-379c483e2882"
"Otrimi, the Ever-Playful","","english","1","639df7bc-b87d-4bf5-8005-8eabc54e955b"
"Codie, Vociferous Codex","","english","1","e7d7e96e-5d35-41dc-9a8a-2049e2e56350"
"Gilanra, Caller of Wirewood","","english","1","80a65e24-08f1-4006-9547-804751e8959c"
"Torens, Fist of the Angels","","english","1","e52fbb3a-f366-4c78-a617-3abbe08c4f47"
"Halana and Alena, Partners","","english","1","608fa232-f5fe-4c58-9efe-fb780f454b19"
"Sygg, River Cutthroat","","english","1","1b10e23a-7cf5-47dc-9c51-5cbe444a99c7"
"Zur, Eternal Schemer","","english","1","4d987435-2403-4e0f-b19d-693da923ba50"
"Kestia, the Cultivator",Foil,"english","1","6d49d5e5-fca7-47ec-89f0-282641413245"
"Obzedat, Ghost Council","","english","1","4cc198d8-1f27-482d-8f5d-21e02c59797a"
"Zaxara, the Exemplary","","english","1","c07de85d-343e-49e0-b438-ddf1342ab654"
"Kediss, Emberclaw Familiar","","english","1","f606ebf1-483d-4331-b16a-9fb6f591a39f"
"Anje Falkenrath",Foil,"english","1","913dd06f-ed2f-4128-9c9d-9cd0d8a55425"
"Brudiclad, Telchor Engineer","","english","1","25eff27a-eb58-4a95-b2df-4a341cf9bef6"
"Drizzt Do'Urden",Foil,"english","1","049c8129-07a6-4761-85f2-e3ed859d818b"
"Esix, Fractal Bloom",Foil,"english","1","9c381bc2-d26e-4d7e-9a0b-a8f7d2d802be"
"Kalamax, the Stormsire","","english","1","f990cd78-2165-446f-a116-ae55d7a0f00d"
"Octavia, Living Thesis","","english","1","eb5e63cc-eb4f-40c6-b298-99cb8fe8585f"
"Tayam, Luminous Enigma","","english","1","05b837a2-5773-4340-87f9-b4d6a43deb27"
"Teysa Karlov","","english","1","bcfaa19e-995e-447d-a0a2-46e5d117d5ec"
"Cazur, Ruthless Stalker","","english","1","d5e857aa-06b7-4bce-b56d-6f6be5cfc77b"
"Feather, the Redeemed","","english","1","e4a2d2c6-8eaa-4760-b620-921b807baa2e"
"Nethroi, Apex of Death","","english","1","8ca6eb5a-8bc9-4091-bcfb-b207f0afd188"
"Niv-Mizzet, the Firemind","","english","1","395465b8-f5ed-4668-9e6a-82257150c52c"
"Pako, Arcane Retriever","","english","1","066c8f63-52e6-475e-8d27-6ee37e92fc05"
"Thrasta, Tempest's Roar","","english","1","6172da14-9a87-4cf9-aff5-aca3470a67ef"
"Brallin, Skyshark Rider","","english","1","9b4fdcd5-5346-46a8-b1a4-84ddb74089e0"
"Isamaru, Hound of Konda","","english","1","6afead32-3542-44c4-82d6-b6a81beb9f90"
"Ayara, First of Locthwain","","english","1","e915b51b-761c-432e-9565-f3aca2ca33f7"
"Xyris, the Writhing Storm","","english","1","447db519-7825-4330-99e7-a2429e1f6b2e"
"Verdeloth the Ancient","","english","1","980b31eb-a9cd-44d2-8755-9323bb4de2f0"
"Wulfgar of Icewind Dale","","english","1","80665af6-fd66-4684-94ec-1f04eb898c2a"
"Lazav, Dimir Mastermind","","english","1","003dc436-a3af-4e65-b4f8-387155fbcb85"
"Hanna, Ship's Navigator","","english","1","16352af7-c001-41e8-8052-cd98997aebbb"
"Magda, Brazen Outlaw","","english","1","079e6263-e54c-4899-a336-5315909b9322"
"Balmor, Battlemage Captain",Foil,"english","1","07452998-e70a-4c15-9b09-6f33aa0d933d"
"Emry, Lurker of the Loch","","english","1","20fec02d-77af-4975-b410-7097c7c28e7e"
"Katilda, Dawnhart Prime","","english","1","aabae294-a975-4950-a62d-f4a07b9b0724"
"Rashmi, Eternities Crafter","","english","1","70288968-7bfd-44e2-a2b3-0b6639ef7e0a"
"Rivaz of the Claw","","english","1","9a47573a-601e-4738-acef-16118289f939"
"Kefnet the Mindful","","english","1","cbda3b24-f2a6-4bcf-9a0a-bab69ffa8069"
"Trostani Discordant","","english","1","fa1190a4-3d7e-4500-991f-e36ec3d1d9dc"
"Extus, Oriq Overlord // Awaken the Blood Avatar","","english","1","ba09360a-067e-48a5-bdc5-a19fd066a785"
"Tivash, Gloom Summoner","","english","1","8916186d-a613-4ca1-8490-79550a5d25dd"
"Roalesk, Apex Hybrid","","english","1","de14b4fd-fb4e-4986-9123-69ae68b5050a"
"Atarka, World Render","","english","1","35ad1ce5-6054-4f0c-8fbe-636be576d408"
"Nikara, Lair Scavenger","","english","1","00b9ac91-51e4-4653-ac2a-da166a894f2a"
"Gyrus, Waker of Corpses",Foil,"english","1","91585912-038d-4d26-b552-0e7c48ba1e4f"
"Kathril, Aspect Warper","","english","1","ebc57f73-a517-463e-8d55-56aa996d091e"
"Anowon, the Ruin Thief",Foil,"english","1","bca84fc4-4710-44c8-b90a-73ef888714d8"
"Falco Spara, Pactweaver","","english","1","ae25db8c-3d10-4196-b002-9d2aabd5f4de"
"Isperia, Supreme Judge",Foil,"english","1","ff875d47-b46e-481e-8fba-cc90870483e0"
"Light-Paws, Emperor's Voice","","english","1","39555a72-a57b-45ee-9222-ce3b9e8de126"
"Mavinda, Students' Advocate","","english","1","8b3d521f-31cd-4bd2-b6b6-771c79252789"
"Mina and Denn, Wildborn","","english","1","374b5d57-fd20-4062-9ec2-24ac557d9dde"
"Prossh, Skyraider of Kher","","english","1","25260f47-2daa-4177-9950-ee792beffffc"
"Risona, Asari Commander","","english","1","2cd32b69-5e1e-4990-88ec-85b21056ceae"
"Tatsunari, Toad Rider","","english","1","a89b3345-d09c-46ec-b450-f52fbcac5233"
"Zirda, the Dawnwaker","","english","1","1bd8e61c-2ee8-4243-a848-7008810db8a0"
"Haldan, Avid Arcanist","","english","1","16a86a35-f7e5-434d-bf44-61ae7cb0f98b"
"Elsha of the Infinite",Foil,"english","1","3b977c0b-07a1-4d16-9fdd-fc0563e0b68e"
"Edgar, Charmed Groom // Edgar Markov's Coffin","","english","1","7abf10e9-6f06-4424-b156-dd03e4d3e4f6"
"Tatyova, Benthic Druid","","english","1","93657aaa-7a0f-49ad-b026-6f79b3bd6768"
"Illuna, Apex of Wishes","","english","1","9fc99c81-d112-4811-9bba-77a14d904692"
"Vorel of the Hull Clade","","english","1","db0665d4-d974-4d5e-ba29-7bf40cbbe29c"
"Krenko, Tin Street Kingpin","","english","1","f51d53fc-8e62-45fd-b2cd-8f93d7f9e1fa"
"Ghost of Ramirez DePietro","","english","1","bf4cf323-e645-4db2-82c3-6860ea8aa9a3"
"Grand Warlord Radha","","english","1","986981fa-a744-45d8-81c7-68ef335c79e2"
"Oona, Queen of the Fae","","english","1","fbea42c8-6e9f-499d-9d26-401536afd5c2"
"Naru Meha, Master Wizard","","english","1","cf44910a-4e24-4e36-a58e-ae7f463db368"
"Thryx, the Sudden Storm","","english","1","4238b089-c6d8-4e4b-b6a1-a0f89e3b4968"
"Yargle and Multani","","english","1","9c15e244-14cc-46a5-abd4-66a58d1c0dd0"
"Mairsil, the Pretender",Foil,"english","1","87b71b08-668c-4b32-8243-8def1a9acf26"
"Tajic, Legion's Edge","","english","1","5e669a01-84d3-4fcc-8396-9e987bd89b4f"
"Donal, Herald of Wings","","english","1","70cf8d2b-5220-4fe9-b39d-6700f0b27cca"
"Donal, Herald of Wings","","english","1","70cf8d2b-5220-4fe9-b39d-6700f0b27cca"
"Etali, Primal Storm","","english","1","504ad2a4-fb3e-46c4-9b7f-f05c80891cd3"
"Ivy, Gleeful Spellthief","","english","1","d94c15b7-6c8f-45a6-8734-975e3e3b790c"
"Taigam, Sidisi's Hand","","english","1","5bb846f1-9857-418d-abc9-03dfd3c10d32"
"Heliod, the Radiant Dawn // Heliod, the Warped Eclipse","","english","1","bfd786c2-6a2b-4f43-ba68-cbe31eeb4904"
"Odric, Lunarch Marshal","","english","1","5c77c30f-d813-46e6-9cdd-938b4a6359ad"
"Varina, Lich Queen",Foil,"english","1","715af497-ea9d-440e-90eb-5da45a61c1ac"
"Vrondiss, Rage of Ancients",Foil,"english","1","683ca7f0-e9df-459b-a8e3-cf80b39c732d"
"Akim, the Soaring Wind","","english","1","23736c5f-bd1c-4505-8639-5fb92cd74b21"
"Alexander Clamilton",Foil,"english","1","1b23f587-8815-4134-b7ea-30bdd6fb382c"
"Felisa, Fang of Silverquill",Foil,"english","1","b73d2f5a-028d-4d5f-9b52-9328872bbf5e"
"Galea, Kindler of Hope",Foil,"english","1","1efbea01-c6a1-4380-a14f-6206c7895e48"
"Gavi, Nest Warden","","english","1","80bc07d5-bdbb-4a6d-8958-0c172ea80245"
"Gisa and Geralf","","english","1","1cd8dcf2-6e77-49b3-9a8c-1fba38095e62"
"Grenzo, Dungeon Warden","","english","1","43dba110-0319-4c64-8a96-539627e315ad"
"Inga and Esika","","english","1","ced80468-2853-4fbd-928a-98381ca1d06e"
"Kaervek the Merciless","","english","1","4e9a163e-7896-47bf-9b9b-dcf011402ce7"
"Kari Zev, Skyship Raider","","english","1","72495879-39ce-449d-ad2f-ef32ea46f3aa"
"Kitt Kanto, Mayhem Diva","","english","1","9b9850d6-49d3-45ec-9a45-75aa0fce9ee5"
"Kotori, Pilot Prodigy","","english","1","fea6c1c8-eff9-4b66-b96d-e23016f0bb62"
"Lu Xun, Scholar General","","english","1","3e16e5b7-d130-4e52-b002-5f3d986e3e82"
"Massacre Girl","","english","1","be8ec9e1-2c8e-496d-9111-4d453b75b578"
"Naban, Dean of Iteration","","english","1","88f41175-880f-491e-96c3-bf52f3c0db5d"
"Nihiloor",Foil,"english","1","a652ac92-4e61-45ec-866e-baafefd355e5"
"Nin, the Pain Artist","","english","1","005ad65e-cf0b-48e9-a314-2ebba5a1400c"
"Ranar the Ever-Watchful","","english","1","1c8c41dd-8551-4ce8-a9be-9b9f65718852"
"Roon of the Hidden Realm","","english","1","f8ff4b08-fa1a-4564-b427-ea89e54a0e7b"
"Rubinia Soulsinger","","english","1","ce216785-aa81-44b4-9562-9b7eca743a0c"
"Sharuum the Hegemon","","english","1","f8896272-4806-40ba-94fd-51310269aa07"
"Squee, Dubious Monarch","","english","1","3cd907ed-9c68-4bd6-af92-6244909fdf8b"
"Squee, Dubious Monarch","","english","1","3cd907ed-9c68-4bd6-af92-6244909fdf8b"
"Storvald, Frost Giant Jarl",Foil,"english","1","8a5a45a7-d159-4821-8916-697b92fb80bf"
"Talrand, Sky Summoner","","english","1","5478952b-128f-4ca8-83e6-bcf07848307f"
"Tetsuko Umezawa, Fugitive","","english","1","16185c50-f7b8-4cea-a129-dfad8e9df781"
"Teysa, Envoy of Ghosts","","english","1","cbd8183c-6967-4332-b822-02b82c14ef2d"
"Valentin, Dean of the Vein // Lisette, Dean of the Root","","english","1","65008352-bc7e-40b2-a832-b46813e5dc4c"
"Volo, Guide to Monsters","","english","1","c9ae01f9-7461-47b4-aa1e-93bd6ff1bf9e"
"Yannik, Scavenging Sentinel","","english","1","11c0e89b-ab29-4739-a88e-1e7966d87d25"
"Yasharn, Implacable Earth","","english","1","12878fbd-dbe5-44bc-9f34-38fd374ec10a"
"Yidaro, Wandering Monster","","english","1","b540c7c6-5b9e-4606-ac84-e583a62a3647"
"Zada, Hedron Grinder","","english","1","fc0969f1-92a0-47c3-8eff-d106fbef2f7e"
"Zetalpa, Primal Dawn","","english","1","8d5b29be-2b1a-4ba5-8958-60eee4e3bac1"
"Ghen, Arcanum Weaver","","english","1","4b335496-05d2-40f5-a52c-10029f7fa008"
"Inniaz, the Gale Force","","english","1","b238485f-ef67-4295-892b-a10235368f74"
"Kaseto, Orochi Archmage","","english","1","3cae9bae-bcea-4b4b-965f-8b14339e724b"
"Lathiel, the Bounteous Dawn","","english","1","29d3484f-abd1-43fe-99f8-e0fa0a7b6692"
"Lorcan, Warlock Collector","","english","1","5f6f90ae-340c-4eb7-b091-58db550be742"
"Melek, Izzet Paragon","","english","1","5489d43c-2034-421d-80e8-96a7377795c8"
"Obuun, Mul Daya Ancestor",Foil,"english","1","8319b155-0fba-4d30-9481-bf01afbd3457"
"Rograkh, Son of Rohgahh","","english","1","a4fab67f-00c2-4125-9262-d21a29411797"
"Shigeki, Jukai Visionary","","english","1","52a16623-7e6d-405b-95db-bf18aeea3f49"
"Wort, the Raidmother","","english","1","9103a97c-ffb6-4584-b7fc-58835ba942c2"
"Zara, Renegade Recruiter","","english","1","34b1455e-b9c2-4501-a24f-b50534466c31"
"Judith, the Scourge Diva","","english","1","0a742125-730d-4082-bfd8-5feb7733def4"
"Mangara of Corondor","","english","1","9ec68ca8-a7d3-47d5-91cf-6806f3709e7a"
"Teshar, Ancestor's Apostle","","english","1","f6d115b4-51d5-4898-b56c-2729aa428018"
"Thelon of Havenwood","","english","1","783f1b9f-9866-4ead-96cf-88babf459ce2"
"Tuktuk the Explorer","","english","1","1a98579a-f65f-4ca0-9f24-7a1925f5390d"
"Kotose, the Silent Spider",Foil,"english","1","dabc4c53-365e-412e-8ce4-a9e67d12c33f"
"Storrev, Devkarin Lich","","english","1","59c906bd-f443-4f4b-b40b-9218e71f1196"
"Mirri the Cursed","","english","1","24c1706d-2faa-452b-a192-204386df29f6"
"Ardenn, Intrepid Archaeologist","","english","1","728b802c-969b-4865-b7a0-871c585d097a"
"Atemsis, All-Seeing","","english","1","b8f527d1-25c0-49b9-83d5-1278ca72d009"
"Emmara Tandris","","english","1","c7c91a0a-2f14-4131-8ca7-1d0046a8edd2"
"Kwain, Itinerant Meddler","","english","1","f571fef1-1fd2-4355-b803-5edccb6f4b94"
"Sapling of Colfenor","","english","1","33c19062-9e1c-4cae-bb97-7ca9e4523593"
"Alesha, Who Smiles at Death","","english","1","09ac9669-d0ee-4df8-af77-12dfccac774f"
"Jhoira of the Ghitu","","english","1","aa6c3c8a-aa35-46b3-8769-27b4244457b0"
"Jorn, God of Winter // Kaldring, the Rimestaff","","english","1","c697548f-925b-405e-970a-4e78067d5c8e"
"Maja, Bretagard Protector","","english","1","cc3707f1-ed9d-412e-a7be-b6d8b554bd6c"
"Obeka, Brute Chronologist","","english","1","dbdb335d-3e45-4dd5-9e3e-c50ca0a4dfb6"
"Oviya Pashiri, Sage Lifecrafter","","english","1","b7938b15-7585-43fb-897f-a57e820665b3"
"Raised by Giants","","english","1","dc9caae7-fb67-42bf-bee0-b935a1b88d79"
"Slogurk, the Overslime","","english","1","f94e888b-6eeb-4ef3-ab21-5ed2bf0036a3"
"Squee, Goblin Nabob","","english","1","12d6d674-40aa-42d7-88b3-f65603ecaa1e"
"Subira, Tulzidi Caravanner","","english","1","034b8d6d-95ea-434a-967a-e6675a7ce88a"
"Zagras, Thief of Heartbeats","","english","1","ac81448c-f87b-4ca1-b951-b359216ab1d0"
"Zahid, Djinn of the Lamp",Foil,"english","1","5c0caa74-3ffa-499a-80f2-03f7d0e9d821"
"Averna, the Chaos Bloom","","english","1","e46b3ef3-3ba9-4da7-a675-86468a8da4c7"
"Bosh, Iron Golem","","english","1","90055174-ad09-4a0b-b65a-10ad80727d8e"
"Daxos of Meletis","","english","1","ed3f19aa-1131-467f-8ae5-065e14aeb153"
"Feldon, Ronom Excavator","","english","1","5ca4cb0e-63ad-4275-a27f-da476260b467"
"Gonti, Lord of Luxury","","english","1","59356854-e84f-4cf6-92ca-e47a2108a8df"
"Jaya Ballard, Task Mage","","english","1","2890840e-da0b-40ba-b3c2-7e4af39922b3"
"Kaza, Roil Chaser",Foil,"english","1","af6bc333-79c0-4de8-9874-80f2254f9ad2"
"Agent of the Iron Throne","","english","1","5a5984d3-1e76-4d97-9373-b59cfa9c38ae"
"Harbin, Vanguard Aviator","","english","1","4b88be69-3201-4345-a193-cc21bd066d15"
"Sigrid, God-Favored","","english","1","aeec3c1e-e612-4700-888e-300912932552"
"Armix, Filigree Thrasher",Foil,"english","1","d5f69e24-6b5c-4a9a-af5b-1ce88efdc0aa"
"Baral and Kari Zev","","english","1","cc43a788-ab06-4d28-b45a-aa47801d6ace"
"Aeve, Progenitor Ooze","","english","1","dfe9b1b8-dffe-427d-be1e-2c6b8395bd54"
"Archelos, Lagoon Mystic","","english","1","eafb8740-1bab-4f5e-96d1-79f1f04cc0d8"
"Catti-brie of Mithral Hall","","english","1","d3626ede-6c69-4fd5-8de1-cf85f50cd435"
"Colfenor, the Last Yew","","english","1","afa3b31a-b52a-43c0-9084-e0535e1bd871"
"Cultist of the Absolute","","english","1","b0c7b4af-d521-4f4f-8910-7e05f2f60eb6"
"Dralnu, Lich Lord","","english","1","9554f402-35d4-43ac-9494-9d17d2a79092"
"Eligeth, Crossroads Augur","","english","1","1a0adf34-1a2b-497b-aaab-4b2b998ed8b3"
"Ith, High Arcanist","","english","1","54c32735-e8e7-46a1-84ea-92806f459e84"
"Katsumasa, the Animator","","english","1","ab4b5ff5-fd6a-4948-9c54-440bf6324bd1"
"Kazarov, Sengir Pureblood","","english","1","2aff7077-496b-46ca-b9d7-a8c1772f9a91"
"Keruga, the Macrosage","","english","1","814cd870-a4da-4987-a69b-5ba6cee136c1"
"Lonis, Cryptozoologist","","english","1","5dfd08da-6717-49ee-94ba-2562224f5baa"
"Migloz, Maze Crusher","","english","1","c1171899-07d8-4e60-a79b-f162f59dc3ce"
"Molimo, Maro-Sorcerer","","english","1","321f68b5-42ad-4f71-8df4-78075bf68ce5"
"Ovika, Enigma Goliath","","english","1","b298cf34-7aa5-4f97-a86c-7f28d2113b87"
"Piru, the Volatile","","english","1","6e82d946-1efb-4253-84ab-93c88d2d1d84"
"Plargg, Dean of Chaos // Augusta, Dean of Order","","english","1","5bd9b5cf-f018-48af-a081-995ce8ecc539"
"Sefris of the Hidden Ways","","english","1","87464c37-09cf-4fc7-ad71-9c35c3b7ff76"
"Sengir, the Dark Baron","","english","1","4d51a22e-74fc-442e-945a-56d02ca12713"
"Syrix, Carrier of the Flame","","english","1","492d484b-9af6-4055-9893-627b56c69544"
"Tromokratis","","english","1","160686f3-44fd-4f7a-81cf-d3b5b964bfba"
"Wydwen, the Biting Gale","","english","1","62b8f8e9-a2b0-41c5-9fae-340f7caaeff9"
"Arni Brokenbrow","","english","1","29945a0a-5d40-4305-b996-579177c8e8bf"
"Blood Fountain","","english","1","dd03651e-ada0-41dc-8722-0eba476943e3"
"Evra, Halcyon Witness","","english","1","02f57a57-8ce8-4d01-9b91-99ec0623d1e9"
"Nymris, Oona's Trickster","","english","1","b8cfc97a-3c8a-4d44-846b-7a523dc11878"
"Stenn, Paranoid Partisan","","english","1","07177a8e-5ded-4084-a22f-2d8fe933de7a"
"Uurg, Spawn of Turg",Foil,"english","1","d98cc9a0-8c7e-435d-b041-63717e57ce1f"
"Uvilda, Dean of Perfection // Nassari, Dean of Expression","","english","1","8cfd0887-0c83-4b33-a85e-8b8ec5bf758d"
"Adeliz, the Cinder Wind","","english","1","b3c950e2-a43b-47f8-9ad6-1909ccc7acbf"
"Anthousa, Setessan Hero","","english","1","ca89e4d4-185d-4a08-b7af-03f6eff38ba3"
"Arashi, the Sky Asunder","","english","1","95bfae4a-01fe-4309-9291-b3123395f057"
"Astor, Bearer of Blades","","english","1","87ab2cad-ac4c-4b04-8724-c824b45db4d0"
"Belbe, Corrupted Observer","","english","1","b4427e73-8c60-490d-8ae3-53e872a5163e"
"Bess, Soul Nourisher","","english","1","d96c33f5-f891-44bc-8ae1-11bc6f6544b6"
"Fangorn, Tree Shepherd","","english","1","0fb0f946-2127-4aa3-88ac-9bd2e94d8983"
"Hurkyl, Master Wizard","","english","1","5fcee066-425f-4341-bde5-13a5bdf06f2a"
"Inga Rune-Eyes",Foil,"english","1","03a3f4d4-7bea-4d6f-b223-177278557342"
"Jor Kadeen, First Goldwarden","","english","1","01502e03-4cd6-40ef-b8fe-93e76e7ed54b"
"Kalain, Reclusive Painter","","english","1","e45e9552-7737-4c61-89b0-5a3bec3c8f34"
"Krydle of Baldur's Gate","","english","1","75f4d622-2d50-4e6e-87a5-5a1cc65d6919"
"Kyodai, Soul of Kamigawa","","english","1","cbbfd21e-96f1-4e5b-8546-73bb5a887b98"
"Myrkul, Lord of Bones","","english","1","82824d05-5215-459a-aa73-3c5a6be3d464"
"Noble Heritage","","english","1","3e49fd5a-6893-4a06-b835-4bf611c9ada1"
"Orah, Skyclave Hierophant","","english","1","2336c8bf-fcad-41f9-9041-80b8aa3cd79a"
"Prava of the Steel Legion","","english","1","e9e40e2a-e447-4754-a98b-5521e546781f"
"Ria Ivor, Bane of Bladehold","","english","1","f7531ed3-235f-4368-98a8-e4e1947c53fb"
"Tameshi, Reality Architect","","english","1","26594b52-3e9c-4cde-88df-1f4e9e16676e"
"Yurlok of Scorch Thrash","","english","1","ead8a1f5-6260-47fa-a649-43711ec5bbeb"
"Anax, Hardened in the Forge","","english","1","a07285b4-77c5-4a38-8810-20d7e49593ec"
"Blim, Comedic Genius","","english","1","3d8cd7dc-028a-4da2-b2a1-435d40cf48ca"
"Kianne, Dean of Substance // Imbraham, Dean of Theory","","english","1","8b45dc40-6827-46a7-a9b7-802be698d053"
"Mazzy, Truesword Paladin","","english","1","a47b5f9c-4db8-4257-8999-18b9210c5708"
"Razortide Bridge","","english","1","e7ea7395-430e-4036-92c9-17a850ec2371"
"Rigo, Streetwise Mentor","","english","1","67c6aef6-d846-4e02-a5f9-6eb0b2212208"
"Slinn Voda, the Rising Deep","","english","1","c92b4581-fe4a-498d-af58-c1e453235df8"
"Captain Lannery Storm","","english","1","2ab5252d-e6b2-43ae-ac35-75f32082486c"
"Jon Irenicus, Shattered One","","english","1","bfddb61e-986f-4557-819d-d6c0ca85c74a"
"Malcolm, Keen-Eyed Navigator","","english","1","bbc3bbda-a4bc-4302-a3fc-b1c89f0f5461"
"Bell Borca, Spectral Sergeant","","english","1","5602cf54-3c34-4f86-8440-13ac28ace68c"
"Gnostro, Voice of the Crags","","english","1","c171f179-9ccf-4819-915c-7f2cd3a91ad8"
"Livio, Oathsworn Sentinel","","english","1","02bce846-8049-4d5c-b0ad-8abd484e5a27"
"Abomination of Llanowar","","english","1","567dbc64-4d59-4bab-a551-08fc66c085fa"
"Alena, Kessig Trapper","","english","1","90c51949-b1ef-4c6e-98b0-4fb33a81db24"
"Anara, Wolvid Familiar","","english","1","9a67cfaa-990c-4dcb-97a9-9c5d7316cabe"
"Araumi of the Dead Tide","","english","1","48b597dd-f6eb-45da-977d-453e8c1433cc"
"Barrowin of Clan Undurr","","english","1","6896c311-5593-4437-b945-43ade9665e43"
"Breeches, Brazen Plunderer","","english","1","83e8fe2e-ec6c-47fc-85c0-6eec185ecdce"
"Brinelin, the Moon Kraken","","english","1","4b063dfd-5a80-48c9-8f7b-48d21a129a76"
"Candlekeep Sage","","english","1","59fcbcce-bcce-4806-9c73-e4a82a630b76"
"Captain Vargus Wrath","","english","1","0beafec9-24db-4903-97c1-c5fe740ada83"
"Dargo, the Shipwrecker","","english","1","5cd87cf8-4d5d-4aba-8dfa-800b1fb3799b"
"Dina, Soul Steeper","","english","1","9cd2b567-0cf7-4441-b3ce-e31141dd91c8"
"Duke Ulder Ravengard","","english","1","fd153bb9-6b47-4d27-9928-82b6cc3d6d02"
"Esior, Wardwing Familiar","","english","1","86958821-76eb-43a5-974b-7c945e826a66"
"Eutropia the Twice-Favored","","english","1","c2159949-3d21-448d-bc34-a3dbaf219476"
"Falthis, Shadowcat Familiar","","english","1","84537fea-ad81-4a9a-99d4-722a938adc7d"
"Farideh, Devil's Chosen","","english","1","1b2ff142-029b-4446-960a-2ff200fb9aee"
"Firja, Judge of Valor","","english","1","df87077c-85d8-499e-bce0-27697caada5a"
"Flaming Fist","","english","1","80415872-e35d-4798-a021-b4690d9f78a0"
"Gretchen Titchwillow","","english","1","07c41d97-7c2f-4d8b-a35d-40d98329a728"
"Hamza, Guardian of Arashin","","english","1","c793d594-c319-4e97-8620-de8eddaf247d"
"Harald, King of Skemfar","","english","1","8fc37772-7052-46a9-a34e-f982331595a3"
"Imoen, Mystic Trickster","","english","1","5d07f957-ad7b-463f-b642-b5d47eadf37a"
"Imoti, Celebrant of Bounty","","english","1","8afceb13-877a-4256-9ba6-851b6924ffd9"
"Keleth, Sunmane Familiar","","english","1","de0ba512-b6c3-4931-be05-cb6bd03a4b7c"
"Killian, Ink Duelist","","english","1","23ef4f09-2aa1-4a03-b2e2-66d1522f1e46"
"Koll, the Forgemaster","","english","1","22f68b53-0cf7-434d-9da5-1d18c0828a46"
"Kwende, Pride of Femeref","","english","1","b4d3b6a8-3e4a-4e2b-900a-9a21fa0ced4c"
"Miara, Thorn of the Glade","","english","1","41a76adc-42e1-4f65-940c-d0a5555c0633"
"Mowu, Loyal Companion","","english","1","f41a191c-c42e-42ec-89bd-cc1bc215ffbc"
"Nadier, Agent of the Duskenel","","english","1","47c5948b-b021-4d07-8003-9c11db690bc0"
"Nael, Avizoa Aeronaut",Foil,"english","1","5cd2081c-d53b-4a5e-976b-0b28465c0be8"
"Narfi, Betrayer King","","english","1","421376e4-a4ad-427c-bc9c-d315308dcf68"
"Numa, Joraga Chieftain","","english","1","9465d118-5ad5-42c5-a512-7aca5f7b905d"
"Peregrin Took","","english","1","f5baee8d-88e7-4468-94a9-66ca8e2caf15"
"Popular Entertainer","","english","1","91844266-8b2f-421f-a944-544c51734e64"
"Raff Capashen, Ship's Mage","","english","1","674070e3-6efe-45e4-aff6-e4a49ec2106e"
"Raggadragga, Goreguts Boss","","english","1","1166ce2a-4e0b-4a57-929d-566f461a6282"
"Rebbec, Architect of Ascension","","english","1","46975250-950f-4f5d-a7c5-f61aec8e40ad"
"Reyav, Master Smith","","english","1","90307dd6-196d-4d51-9b3f-6ff339882d31"
"Sarevok, Deathbringer","","english","1","162db102-5675-4827-a668-27a8561b18d1"
"Shanna, Sisay's Legacy","","english","1","b90df81c-d738-46b3-8e96-9db0b3507ee0"
"Siani, Eye of the Storm","","english","1","8812e448-241e-4640-9cb6-0cdbe1ad2fcc"
"Siona, Captain of the Pyleas","","english","1","2b1d890f-7ef8-47b9-9ec8-f3884a1d09db"
"Skanos Dragonheart","","english","1","1be7bfe9-1abb-4562-9182-eb37460a1c6c"
"Slagwoods Bridge","","english","1","e51b48e9-a75a-4acd-9462-5e1ac2b0d803"
"Svella, Ice Shaper","","english","1","a7054d48-5ed3-43a1-85e5-9f306b081b4f"
"Tanglepool Bridge","","english","1","57d2b895-8921-4615-a674-fb85eed5ea3f"
"Tiana, Ship's Caretaker","","english","1","9a8aea2f-1e1d-4e0d-8370-207b6cae76e3"
"Toggo, Goblin Weaponsmith","","english","1","1a05b3e2-259e-4fce-92ee-c00660e22ae7"
"Tuya Bearclaw","","english","1","8cf6b42f-8eb7-4b40-a4e6-8775ee208f7e"
"Valduk, Keeper of the Flame","","english","1","253f9e43-5bc6-4f26-a8e9-773cd0ca3d02"
"Vega, the Watcher","","english","1","28fced7f-3078-4a54-8f76-0ef14c732e97"
"Yargle, Glutton of Urborg","","english","1","645cfc1b-76f2-4823-9fb0-03cb009f8b32"
"Zimone, Quandrix Prodigy","","english","1","0ca14c17-dc72-4f68-92f2-14a6c4019f4e"
"Dina, Soul Steeper","","english","1","8d07b9f4-7a92-41ee-bdd8-2c8dbe247ac5"
"Fynn, the Fangbearer","","english","1","837e18d9-a5a6-4a0c-a604-9374d5b0dea4"
"Keskit, the Flesh Sculptor","","english","1","a8f5ffe8-b4ed-4db8-8f0f-97aaeb659689"
"Quintorius, Field Historian","","english","1","06c55ef1-8e62-4d43-bd4c-b2c3c5203338"
"Radiant, Serra Archangel","","english","1","38b00110-e3de-40ce-b2bd-9466fe9e53a3"
"Shessra, Death's Whisper","","english","1","60ca5fef-af21-4e2b-9efa-61e08a638a1f"
"Slurrk, All-Ingesting","","english","1","4da14a82-0c33-4319-9af5-390013ccbe19"
"Targ Nar, Demon-Fang Gnoll","","english","1","5fe57856-9d35-470e-9138-360b02ac0c90"
"Hama Pashar, Ruin Seeker","","english","1","47b8eb2e-73ac-4ad6-9ab6-4f8da7b41020"
"Ich-Tekik, Salvage Splicer","","english","1","0409a15a-7cf6-43e5-958c-d23da4304f29"
"Kangee, Sky Warden","","english","1","99988f41-99b4-4423-be5f-9dc4ec7d813b"
"Glacian, Powerstone Engineer","","english","1","a736df42-18e9-4259-b0b8-54d21143e72e"
"Lozhan, Dragons' Legacy","","english","1","fe604232-19da-4331-a6f2-ddb004f1dd90"
"Rootha, Mercurial Artist","","english","1","acb8f24d-8d1d-48aa-a534-238e969a474c"
"Arwen Undómiel","","english","1","c544e301-13b4-4dec-b65c-d54809bb7736"
"Bill the Pony","","english","1","9ac68519-ed7f-4f38-9549-c02975f88eed"
"Captain Ripley Vance","","english","1","71052204-d35c-4603-9af6-a1691f438d48"
"Cormela, Glamour Thief","","english","1","221ac34a-94ed-4c49-afad-b19cac541731"
"Erinis, Gloom Stalker","","english","1","b6a7d041-957a-4b19-9517-214689dadd45"
"Faceless One","","english","1","25564fba-5765-457b-8dd3-f26b877221b8"
"Far Traveler","","english","1","cabc3688-2362-4757-a5be-087e577c4691"
"Halsin, Emerald Archdruid","","english","1","02cdc433-a41b-4f45-b40f-3618c399e196"
"Hunters' Feast","","english","1","2fc0c0d2-bae4-4bec-b85c-498db713fd4a"
"Inga Rune-Eyes","","english","1","62a6f095-5beb-42a8-af8f-d40eef27150e"
"Kagha, Shadow Archdruid","","english","1","6351adc8-2e44-4e5c-ae58-975b7332155e"
"Livaan, Cultist of Tiamat","","english","1","616c5b52-94bc-48e3-8e4f-e2db1eca7536"
"Lulu, Loyal Hollyphant","","english","1","6d67e95e-c4a7-45bc-ae83-0b532ad530db"
"Monoxa, Midway Manager","","english","1","bbad95fc-7f3e-49f9-82e2-3d3673ec27a3"
"Mr. Orfeo, the Boulder","","english","1","97caaa92-2a7d-4f79-8d42-86733c902072"
"Norika Yamazaki, the Poet","","english","1","09cb553c-58c1-4cfd-b441-297b5f09b263"
"Rasaad yn Bashir","","english","1","f6597ec7-0fc8-4aa5-a8a6-ea5f95f4ce15"
"Renari, Merchant of Marvels","","english","1","1c044363-d661-4703-841c-8279fa4aa5e5"
"Shanna, Sisay's Legacy","","english","1","40c00370-0160-48a9-87ac-07a3b2bbd459"
"Spinnerette, Arachnobat","","english","1","7cbcd448-23fc-4e8d-985d-df2801f5c78c"
"Théoden, King of Rohan","","english","1","f6dcd1ca-4943-46e4-bb5d-c14949e21e23"
"Commander Liara Portyr","","english","1","9ac8b247-455e-4a3f-9f88-b20918c36cc3"
"Hardy Outlander","","english","1","44498893-3ff8-4d1e-abdf-4579e0c67020"
"Old Man Willow","","english","1","0362b7c4-fff5-4bc2-b32d-913f85c23cc4"
"Bilbo, Retired Burglar","","english","1","527df93e-cc2b-4216-909a-4ada1abcbfd3"
"Najal, the Storm Runner","","english","1","9017ee70-761b-434e-bc44-705cf14336fa"
"The Prismatic Piper","","english","1","a69e6d8f-f742-4508-a83a-38ae84be228c"
"Bill Ferny, Bree Swindler","","english","1","20ac63cb-fa4d-4340-8062-1029c8bd5ec8"
"Bortuk Bonerattle","","english","1","6f342de7-f179-4894-96e4-56339d32f801"
"Feywild Visitor","","english","1","88e833a9-d82f-4942-a488-67d9c02817db"
"Goggles of Night","","english","1","deb2aa14-4b8d-4f33-856d-296bc59a0ade"
"Landroval, Horizon Witness","","english","1","5684483b-9a6a-499b-a5e1-e2815ee03cdb"
"Rona, Sheoldred's Faithful","","english","1","8eaeb2b7-ad2d-4e00-b37a-06963ae41bb2"
"Strider, Ranger of the North","","english","1","54461d61-a745-467f-9fbe-b5e7a8edbdbf"
"Tori D'Avenant, Fury Rider","","english","1","676bc62e-f685-45cb-bcdd-d8adbe9c4ccb"
"Zar Ojanen, Scion of Efrava","","english","1","a15e0c8b-3609-4a59-8e9b-bf2ce93d775f"
"Questing Beast","","english","1","e41cf82d-3213-47ce-a015-6e51a8b07e4f"
"Kellan, the Fae-Blooded // Birthright Boon","","english","1","ec5e2680-8b42-4571-ab45-4936aec51901"
"The Goose Mother","","english","1","1a55c370-d396-4c73-8ee2-83dc4c124005"
"Kroxa and Kunoros","","english","1","13e4a233-e40b-4e6a-9863-4d0fc052484c"
"Frodo, Sauron's Bane","","english","1","6d08e637-c2b3-4b38-9b07-5bba1f13efc3"
"Greta, Sweettooth Scourge","","english","1","2cfd365e-34d1-4224-b925-119000311934"
"Obyra, Dreaming Duelist","","english","1","63ce03ee-279b-4955-98e3-9ce1990f8b7b"
"Johann, Apprentice Sorcerer","","english","1","b88a762d-19ed-451d-a3a9-b3e7eea40f67"
"Neva, Stalked by Nightmares","","english","1","e6f925ab-ade7-4da8-a791-185e098d18f2"
"The Balrog, Durin's Bane","","english","1","416880c3-cefb-45ea-bcc3-2ec7a70c8097"
"Gorbag of Minas Morgul","","english","1","58aafdb6-1c8c-4fc4-a52e-3e601be7fb0c"
"Gollum, Patient Plotter","","english","1","a881aa61-fc7c-4ffb-a129-f75be8b2e498"
"Faramir, Field Commander","","english","1","17c2250a-9af1-40de-9f09-7e8c7daec520"
"Boromir, Warden of the Tower","","english","1","f6bc3720-2892-4dda-8f30-079a1ac8e1e2"
"Ugluk of the White Hand","","english","1","e914c7fc-be3c-4346-bf37-6e10f4998204"
"Toluz, Clever Conductor","","english","1","e6da6284-1577-4bc2-85dd-5984aea72ac6"
"Adric, Mathematical Genius","","english","1","1f290a17-699e-420d-8322-3e28300a0d2e"
"Nyssa of Traken","","english","1","bed41499-759d-4a3b-aabb-c462d5831956"
"Jo Grant","","english","1","a4c73220-363e-44d7-b406-436246c02a75"
"The Fifth Doctor","","english","1","2f548f4b-77b9-47bb-b262-a851fdf0124f"
"The Sixth Doctor","","english","1","c045ccb2-28d1-4bbe-9feb-3e86988fd24d"
"Duggan, Private Detective","","english","1","ad21aafe-c093-40db-830e-da4c87055254"
"Vrestin, Menoptra Leader","","english","1","b117d388-ac94-4e20-84f0-f4d242121d7f"
"The Eighth Doctor","","english","1","a26bf6fd-ced3-4c37-8adb-9a75c6d6d5cc"
"The Seventh Doctor","","english","1","8dd6bfb3-1338-4ee6-9281-30a7428200d2"
"Sergeant John Benton","","english","1","01f40e07-f565-4b9e-87a5-5b28b4e9fb0b"
"Peri Brown","","english","1","b2f81beb-4565-4cfe-80a2-456f3d44f461"
"The First Doctor","","english","1","b0b4d7db-56b1-4110-b4e4-11748201caf9"
"The Third Doctor","","english","1","2934f5e5-2274-4de7-a8c7-ca034f1fec29"
"The Second Doctor","","english","1","568c2687-4381-4954-9cab-f669d1fe6306"
"Romana II","","english","1","4ccc3ebd-34e1-421c-87b4-0be905954289"
"Leela, Sevateem Warrior","","english","1","f5a4e5b5-70c8-4488-9e7d-7d68fe8219d7"
"Ian Chesterton","","english","1","8bce4bde-33af-4c91-903f-c46218664353"
"Jamie McCrimmon","","english","1","75cececf-8547-4355-972b-7ffbafcda1c2"
"Ace, Fearless Rebel","","english","1","75f001a0-8393-4977-84bb-cde39740606c"
"Susan Foreman","","english","1","ad40ec4f-37e7-4e6d-b47b-8b13ea2c9157"
"Alistair, the Brigadier","","english","1","bf952d23-291d-42fa-8f2a-e4002a04b95f"
"Tegan Jovanka","","english","1","361769b3-7e10-4e0f-b623-c00e2144463d"
"Barbara Wright","","english","1","414bdd33-549d-4690-917c-ea48decffbbb"
"K-9, Mark I","","english","1","b2e46695-7bd3-448c-a5ea-6d544943ec5f"
"Jolrael, Voice of Zhalfir","","english","1","fcb93216-885c-4ec5-8b88-6cd51f593c8b"
"Niv-Mizzet, Supreme","","english","1","da1ff886-d3c8-43e5-8bf0-ba4f0b259781"
"Troyan, Gutsy Explorer","","english","1","eadd2a1a-93a0-4257-897d-1aaee279449f"
"Omnath, Locus of All",Foil,"english","1","64b0acfa-1a8d-4a94-8972-c9bb235e4897"
"Aclazotz, Deepest Betrayal // Temple of the Dead","","english","1","95775b13-2761-424e-9828-2275ec987368"
"Goddric, Cloaked Reveler","","english","1","fe93ef82-51de-40ad-9b52-8f3fd11c144f"
"Will, Scion of Peace","","english","1","162088ea-5f99-4244-9427-2fdfb2168fc3"
"Syr Ginger, the Meal Ender","","english","1","7fbdba12-1369-41ae-b0e9-c405c0f0a2e5"
"Lord Skitter, Sewer King","","english","1","729877be-4894-4ef5-9e60-de8a8fb2bdc0"
"Kopala, Warden of Waves","","english","1","34561f87-09d9-4f23-8a05-907fe1303e70"
"Goldberry, River-Daughter","","english","1","bf4f0a7c-620e-4ed8-8da3-fa6564e8a0cd"
"Kwain, Itinerant Meddler",Foil,"english","1","885a4ac8-67ee-437c-9133-687be93ea117"
"Kutzil, Malamet Exemplar","","english","1","12fede45-8c95-45eb-915c-c3ee5101dfcc"
"Inti, Seneschal of the Sun","","english","1","fa7a55aa-ae61-4933-b7a4-dcc55dac6fcd"
"Gishath, Sun's Avatar","","english","1","bc4a65de-23b5-48f0-b8b7-94608eaced3e"
"Kellan, Daring Traveler // Journey On","","english","1","95a9d11a-ecf0-471e-9dc3-a5baa6725044"
"Huatli, Poet of Unity // Roar of the Fifth People","","english","1","b94c8a9e-5b9f-4a80-bced-ee99e5ed060a"
"Braids, Arisen Nightmare",Foil,"english","1","4ff97c69-6a6b-401c-b0a1-55fa81045d19"
"Zoyowa Lava-Tongue","","english","1","2cfd2cf8-95e4-4df5-a803-66e7c4eb065a"
"Nicanzil, Current Conductor","","english","1","5e6f4aba-3500-4fb7-ab78-02f63c03778a"
"Uchbenbak, the Great Mistake","","english","1","a062202c-f9fb-4dd6-989a-c3083644f1c0"
"Owen Grady, Raptor Trainer","","english","1","a85a1e4c-af02-4072-872f-956fa74f8aa6"
"Caparocti Sunborn","","english","1","8ea82964-fd9c-48e3-962f-94954476b31f"
"Abuelo, Ancestral Echo","","english","1","40eee689-2514-421a-8056-eb7668be66ff"
"Grima Wormtongue",Foil,"english","1","8e3bd86b-e8ca-4885-a823-78fb967e6caf"
"The Fourth Doctor",Foil,"english","1","f82fa1d9-adcb-43b4-bfce-42d9e7530ac6"
"Sarah Jane Smith",Foil,"english","1","1ba76f68-e647-4786-903c-92dbd3cef05d"
"Etali, Primal Conqueror // Etali, Primal Sickness","","english","1","3e97c609-3932-4428-96d4-1c97e61f0abb"
"Ezrim, Agency Chief","","english","1","9554d5f2-7a33-4734-8cf3-dfae2ccc3596"
"Sram, Senior Edificer","","english","1","cb7eb35d-2684-40f7-b678-0d9a180c955a"
"Krenko, Baron of Tin Street","","english","1","5524b712-c67d-4d2e-9344-9e85a6ce3227"
"Thada Adel, Acquisitor","","Japanese","1","3bfcbeab-7a1e-4dcf-99bf-98f42c2b6a6f"
"Baral, Chief of Compliance","","english","1","47eb1fa4-a332-4618-a400-c082719f7d5f"
